<?xml version="1.0" encoding="UTF-8"?><!--
        *** GENERATED FROM jax-ws.xml - DO NOT EDIT !                             ***
        *** TO MODIFY wsimport options USE Web Service node -> Edit WS Attributes ***
        *** TO CHANGE TARGETS GENERATED TO jaxws-build.xml COPY THOSE             ***
        *** TARGETS TO ../build.xml AND MODIFY THAT FILE INSTEAD                  ***

        --><project xmlns:xalan="http://xml.apache.org/xslt" xmlns:j2seproject3="http://www.netbeans.org/ns/j2se-project/3" xmlns:jaxws="http://www.netbeans.org/ns/jax-ws/1">
    <!--
                ===================
                JAX-WS WSIMPORT SECTION
                ===================
            -->
    <target name="wsimport-init" depends="init">
        <mkdir dir="${build.generated.sources.dir}/jax-ws"/>
        <taskdef name="wsimport" classname="com.sun.tools.ws.ant.WsImport">
            <classpath path="${libs.jaxws21.classpath}"/>
        </taskdef>
    </target>
    <target name="wsimport-client-ServerWebService" depends="wsimport-init">
        <mkdir dir="${build.generated.dir}/jax-wsCache/ServerWebService"/>
        <property name="wsdl-ServerWebService" location="xml-resources/web-service-references/ServerWebService/wsdl/localhost_8080/Week_08_B_Server/ServerWebService.wsdl"/>
        <wsimport sourcedestdir="${build.generated.dir}/jax-wsCache/ServerWebService" destdir="${build.generated.dir}/jax-wsCache/ServerWebService" wsdl="${wsdl-ServerWebService}" catalog="catalog.xml" encoding="${source.encoding}" extension="true" verbose="true" fork="false" wsdlLocation="http://localhost:8080/Week_08_B_Server/ServerWebService?wsdl" xnocompile="true" xendorsed="true" package="week.pkg08.b.client">
            <depends file="${wsdl-ServerWebService}"/>
            <produces dir="${build.generated.dir}/jax-wsCache/ServerWebService"/>
        </wsimport>
        <copy todir="${build.generated.sources.dir}/jax-ws">
            <fileset dir="${build.generated.dir}/jax-wsCache/ServerWebService">
                <include name="**/*.java"/>
            </fileset>
        </copy>
    </target>
    <target name="wsimport-client-clean-ServerWebService" depends="-init-project">
        <delete dir="${build.generated.dir}/jax-wsCache/ServerWebService"/>
        <delete dir="${build.generated.sources.dir}/jax-ws/week/pkg08/b/client"/>
    </target>
    <target name="wsimport-client-generate" depends="wsimport-client-ServerWebService"/>
</project>
